FullRef,Correct,Chapter
OCPPT 10-14,0,10
OCPPT 9-46,0,9
OCPPT 22-31,1,22
OCPPT 2-35,1,2
OCPPT 1-38,1,1
OCPPT 22-27,1,22
OCPPT 22-9,1,22
OCPPT 8-13,1,8
OCPPT 15-13,1,15
OCPPT 18-6,1,18
OCPPT 13-29,0,13
OCPPT 14-25,1,14
OCPPT 8-15,1,8
OCPPT 2-36,0,2
OCPPT 8-44,1,8
OCPPT 8-29,1,8
OCPPT 3-26,1,3
OCPPT 3-33,1,3
OCPPT 16-40,1,16
OCPPT 14-38,0,14
OCPPT 10-35,1,10
OCPPT 9-10,1,9
OCPPT 18-22,1,18
OCPPT 15-28,1,15
OCPPT 20-31,0,20
OCPPT 8-11,1,8
OCPPT 22-37,0,22
OCPPT 22-2,1,22
OCPPT 12-5,0,12
OCPPT 8-7,1,8
OCPPT 7-19,1,7
OCPPT 15-39,1,15
OCPPT 5-45,1,5
OCPPT 15-37,0,15
OCPPT 18-14,1,18
OCPPT 12-27,0,12
OCPPT 11-37,1,11
OCPPT 19-10,1,19
OCPPT 13-30,1,13
OCPPT 21-27,0,21
OCPPT 22-24,1,22
OCPPT 5-21,0,5
OCPPT 9-31,1,9
OCPPT 15-18,1,15
OCPPT 3-15,1,3
OCPPT 6-41,1,6
OCPPT 3-49,1,3
OCPPT 1-50,0,1
OCPPT 1-44,0,1
OCPPT 18-34,0,18
OCPPT 4-7,1,4
OCPPT 19-19,0,19
OCPPT 6-38,1,6
OCPPT 4-32,1,4
OCPPT 7-25,0,7
OCPPT 15-10,1,15
OCPPT 20-19,0,20
OCPPT 9-7,1,9
OCPPT 6-15,1,6
OCPPT 12-34,1,12
OCPPT 11-34,1,11
OCPPT 2-14,1,2
OCPPT 7-13,1,7
OCPPT 10-31,1,10
OCPPT 16-11,1,16
OCPPT 9-30,1,9
OCPPT 10-53,0,10
OCPPT 5-27,1,5
OCPPT 21-6,1,21
OCPPT 18-7,1,18
OCPPT 1-38,1,1
OCPPT 17-14,0,17
OCPPT 2-20,0,2
OCPPT 10-79,1,10
OCPPT 16-17,0,16
OCPPT 19-38,1,19
OCPPT 8-17,0,8
OCPPT 3-47,1,3
OCPPT 4-21,1,4
OCPPT 11-15,1,11
OCPPT 19-9,0,19
OCPPT 17-15,1,17
OCPPT 9-37,1,9
OCPPT 4-14,1,4
OCPPT 4-24,1,4
OCPPT 19-16,1,19
OCPPT 1-17,1,1
OCPPT 19-25,0,19
OCPPT 13-4,1,13
OCPPT 4-13,0,4
OCPPT 1-35,1,1
OCPPT 2-23,1,2
OCPPT 11-18,1,11
OCPPT 21-30,0,21
OCPPT 11-33,1,11
OCPPT 3-14,1,3
OCPPT 1-13,1,1
OCPPT 19-34,0,19
OCPPT 9-42,1,9
OCPPT 12-4,0,12
OCPPT 9-47,0,9
OCPPT 10-24,0,10
OCPPT 10-66,1,10
OCPPT 3-24,0,3
OCPPT 7-26,0,7
OCPPT 13-23,1,13
OCPPT 15-26,0,15
OCPPT 10-41,0,10
OCPPT 20-7,1,20
OCPPT 19-10,1,19
OCPPT 18-40,0,18
OCPPT 1-45,1,1
OCPPT 10-47,0,10
OCPPT 19-26,0,19
OCPPT 3-32,1,3
OCPPT 2-45,1,2
OCPPT 14-2,1,14
OCPPT 19-21,0,19
OCPPT 22-26,1,22
OCPPT 12-36,0,12
OCPPT 16-11,1,16
OCPPT 10-2,1,10
OCPPT 22-19,1,22
OCPPT 15-31,0,15
OCPPT 16-17,1,16
OCPPT 9-17,1,9
OCPPT 22-13,1,22
OCPPT 22-37,1,22
OCPPT 22-38,0,22
OCPPT 10-23,0,10
OCPPT 7-24,1,7
OCPPT 7-15,1,7
OCPPT 6-10,1,6
OCPPT 21-39,0,21
OCPPT 10-1,1,10
OCPPT 20-35,0,20
OCPPT 8-45,1,8
OCPPT 20-37,1,20
OCPPT 13-7,1,13
OCPPT 1-29,1,1
OCPPT 8-19,1,8
OCPPT 15-4,0,15
OCPPT 20-27,0,20
OCPPT 7-30,0,7
OCPPT 6-15,1,6
OCPPT 13-23,1,13
OCPPT 19-37,1,19
OCPPT 12-23,1,12
OCPPT 18-6,1,18
OCPPT 15-7,0,15
OCPPT 2-2,0,2
OCPPT 18-14,1,18
OCPPT 9-9,1,9
OCPPT 3-49,1,3
OCPPT 3-37,0,3
OCPPT 14-11,1,14
OCPPT 11-5,1,11
OCPPT 3-10,1,3
OCPPT 20-35,1,20
OCPPT 3-45,1,3
OCPPT 10-19,1,10
OCPPT 17-37,1,17
OCPPT 10-30,1,10
OCPPT 5-11,1,5
OCPPT 4-30,1,4
OCPPT 10-71,1,10
OCPPT 15-29,0,15
OCPPT 22-15,1,22
OCPPT 5-10,1,5
OCPPT 1-2,1,1
OCPPT 3-22,1,3
OCPPT 1-19,1,1
OCPPT 2-26,0,2
OCPPT 4-29,1,4
OCPPT 16-11,1,16
OCPPT 2-18,1,2
OCPPT 16-1,1,16
OCPPT 7-3,1,7
OCPPT 1-10,0,1
OCPPT 4-43,1,4
OCPPT 16-21,1,16
OCPPT 17-18,1,17
OCPPT 13-28,1,13
OCPPT 21-16,1,21
OCPPT 20-18,1,20
OCPPT 6-42,0,6
OCPPT 5-35,1,5
OCPPT 13-10,1,13
OCPPT 15-17,0,15
OCPPT 18-23,1,18
OCPPT 16-18,0,16
OCPPT 14-28,0,14
OCPPT 12-18,1,12
OCPPT 18-9,1,18
OCPPT 11-40,0,11
OCPPT 11-35,1,11
OCPPT 11-31,1,11
OCPPT 13-17,1,13
OCPPT 17-1,1,17
OCPPT 21-38,1,21
OCPPT 17-32,1,17
OCPPT 16-4,1,16
OCPPT 21-27,1,21
OCPPT 12-15,1,12
OCPPT 19-16,1,19
OCPPT 22-5,1,22
OCPPT 15-21,0,15
OCPPT 15-37,0,15
OCPPT 18-6,1,18
OCPPT 21-31,1,21
OCPPT 21-21,1,21
OCPPT 19-18,0,19
OCPPT 17-39,1,17
OCPPT 20-21,0,20
OCPPT 15-37,0,15
OCPPT 16-13,0,16
OCPPT 13-11,1,13
OCPPT 22-30,1,22
OCPPT 13-22,0,13
OCPPT 20-26,0,20
OCPPT 14-17,1,14
OCPPT 21-23,0,21
OCPPT 18-26,1,18
OCPPT 14-11,0,14
OCPPT 14-2,1,14
OCPPT 22-29,1,22
OCPPT 12-32,1,12
OCPPT 21-14,0,21
OCPPT 13-3,1,13
OCPPT 20-39,0,20
OCPPT 11-37,1,11
OCPPT 17-11,0,17
OCPPT 17-9,1,17
OCPPT 17-27,1,17
OCPPT 14-8,1,14
OCPPT 19-8,1,19
OCPPT 19-21,1,19
OCPPT 13-40,1,13
OCPPT 19-24,0,19
OCPPT 16-3,1,16
OCPPT 15-36,0,15
OCPPT 22-30,0,22
OCPPT 21-26,0,21
OCPPT 16-19,1,16
OCPPT 16-26,0,16
OCPPT 14-20,1,14
OCPPT 19-39,0,19
OCPPT 15-6,0,15
OCPPT 14-26,1,14
OCPPT 16-31,0,16
OCPPT 19-29,1,19
OCPPT 17-18,1,17
OCPPT 13-19,1,13
OCPPT 20-13,1,20
OCPPT 18-5,0,18
OCPPT 22-34,1,22
OCPPT 14-6,1,14
OCPPT 11-11,1,11
OCPPT 11-30,1,11
OCPPT 15-26,0,15
OCPPT 11-8,1,11
OCPPT 22-33,1,22
OCPPT 17-30,1,17
OCPPT 20-24,1,20
OCPPT 12-23,1,12
OCPPT 20-26,0,20
OCPPT 19-39,0,19
OCPPT 13-17,0,13
OCPPT 16-36,1,16
OCPPT 16-8,1,16
OCPPT 18-9,0,18
OCPPT 21-27,0,21
OCPPT 18-8,1,18
OCPPT 21-18,1,21
OCPPT 13-20,1,13
OCPPT 21-26,0,21
OCPPT 12-30,1,12
OCPPT 22-7,1,22
OCPPT 18-5,1,18
OCPPT 20-4,1,20
OCPPT 19-14,1,19
OCPPT 20-18,1,20
OCPPT 21-31,1,21
OCPPT 19-5,1,19
OCPPT 19-12,0,19
OCPPT 20-10,1,20
OCPPT 21-33,0,21
OCPPT 20-40,1,20
OCPPT 11-15,1,11
OCPPT 11-9,1,11
OCPPT 11-8,1,11
OCPPT 11-21,1,11
OCPPT 11-31,0,11
OCPPT 11-30,1,11
OCPPT 11-5,1,11
OCPPT 11-20,1,11
OCPPT 11-34,0,11
OCPPT 11-24,1,11
OCPPT 17-33,0,17
OCPPT 14-37,1,14
OCPPT 13-21,1,13
OCPPT 15-34,1,15
OCPPT 12-16,1,12
OCPPT 13-37,1,13
OCPPT 12-35,1,12
OCPPT 20-18,1,20
OCPPT 12-26,0,12
OCPPT 13-35,1,13
OCPPT 16-33,0,16
OCPPT 17-11,0,17
OCPPT 18-12,0,18
OCPPT 15-27,0,15
OCPPT 19-25,0,19
OCPPT 14-9,1,14
OCPPT 15-39,1,15
OCPPT 11-29,1,11
OCPPT 14-7,1,14
OCPPT 14-5,1,14
OCPPT 20-8,1,20
OCPPT 12-3,1,12
OCPPT 17-32,0,17
OCPPT 14-15,1,14
OCPPT 16-7,0,16
OCPPT 11-14,1,11
OCPPT 21-20,0,21
OCPPT 13-16,1,13
OCPPT 22-6,1,22
OCPPT 20-16,1,20
OCPPT 18-19,1,18
OCPPT 14-32,0,14
OCPPT 13-15,0,13
OCPPT 17-1,0,17
OCPPT 17-12,1,17
OCPPT 22-18,1,22
OCPPT 16-16,0,16
OCPPT 11-5,1,11
OCPPT 21-36,1,21
OCPPT 13-39,1,13
OCPPT 14-1,1,14
OCPPT 16-17,1,16
OCPPT 15-14,1,15
OCPPT 13-25,1,13
OCPPT 11-28,1,11
OCPPT 15-10,1,15
OCPPT 22-23,1,22
OCPPT 20-40,0,20
OCPPT 20-27,0,20
OCPPT 20-10,1,20
OCPPT 18-8,1,18
OCPPT 15-38,1,15
OCPPT 16-40,1,16
OCPPT 21-12,0,21
OCPPT 21-26,0,21
OCPPT 16-35,0,16
OCPPT 16-24,1,16
OCPPT 17-1,1,17
OCPPT 17-7,1,17
